Harri	Vaux
Cazzie	Colbron
Florrie	Hambly
Willow	Freebury
Pete	Winteringham
Brear	Cowlard
Worth	Goosnell
Boot	Benninck
Pepi	Boodell
Helenelizabeth	Benedek
Jenn	McGrudder
Annnora	Doncom
Colman	Tenby
Hugibert	Scholcroft
Madonna	Fantin
Silvano	Nesfield
Hoyt	Wolters
Micheil	MacAindreis
Anet	Skellern
Bronny	Slimm
Laureen	Wistance
Bernadene	Linneman
Rodolfo	Myderscough
Trace	Haynesford
Julina	Daleman
Arvin	Newbury
Janos	Lorrie
Lucie	Parzis
Derrik	Bowgen
Lenore	Pillans
Magdaia	Darrach
Vanna	McCoughan
Arline	Prinett
Merrili	Le Pine
Denise	Fardoe
Corty	Farry
Gabriello	Bibey
Mickie	Cobbin
Bobbee	Vanyashkin
Lillian	Boyes
Pippy	Gillatt
Gerald	Higginbottam
Audry	Jindra
Johannah	Hellard
Luella	Woollons
Vito	Quillinane
Quinn	Desquesnes
Jeramey	Satterley
Buffy	Ibbs
Andria	McCuthais
Quincy	Tewkesberry
Frederico	Sweetzer
Coral	Spiniello
Gasper	Lambdon
Garnette	Setterthwait
Merill	Lundy
Marcelle	Rugg
Dame	Fippe
Sapphira	Rosenblum
Lucho	Mellish
Brendis	Rocca
Carolus	Cowthart
Mike	Weakley
Leanor	Christley
Kay	Morrowe
Rhodie	Boyse
Brittne	Pladen
Fancy	Airton
Silva	Frapwell
Michaeline	Ainger
Foster	Jentin
Davine	Gerin
Silva	Upson
Kassie	Braga
Lurline	Kiddie
Kerr	Bush
Helen	Cargenven
Anny	Firebrace
Lanie	Davidou
Keefer	Paz
Collie	Waterhouse
Vaughan	Harriott
Courtney	Blanch
Dolorita	Balsdone
Shem	Filimore
Yurik	Hopkynson
Nanon	Rule
Reinald	Fache
Forrester	Gipp
Spencer	Prandoni
Margeaux	Skittrell
Ealasaid	Suero
Roze	Jaume
Fraze	Chatan
Bernardo	Tollfree
Morie	Dericot
Isabella	Koppe
Winfred	Pedwell
Kacey	Hoggins
Talbot	Pollak
Leonardo	Fyndon
Dniren	McNeillie
Claude	Korba
Crichton	Royse
Jerrilee	Trever
Fonsie	Syer
Dante	Endricci
Hale	Coventry
Lauralee	Pym
Cindra	Bullick
Yule	Mundy
Gillian	Grenter
Jocko	Vreede
Latrena	Maynard
Carolyn	Morit
Yuma	Benza
Candide	Newall
Corliss	Sheldon
Clarance	Fontaine
Gram	Du Hamel
Ethan	Nollet
Fidelio	Methuen
Blaire	Simmon
Kristoforo	Malkin
Burlie	Fedoronko
Greta	Poutress
Onofredo	Cultcheth
Herbert	McCrum
Haven	Kiss
Patsy	Grestie
Hewitt	Amor
Allyce	Lipson
Jae	Locarno
Essy	Jaynes
Cherilyn	Matthew
Jesus	De Francisci
Gayle	O'Fallone
Brennan	Goulston
Corella	Dyter
Giusto	McGinly
Jehanna	Fyrth
Marco	Eslemont
Nevile	Doneld
Pren	Wudeland
Corie	Tenant
Elwin	Hambribe
Winslow	Whitwell
Emyle	Glede
Jim	Vosper
Fernando	Franklin
Tillie	Hulkes
Etta	Hardison
Ellen	Unger
Roley	Tilburn
Rutherford	Gissing
Zara	Boldt
Kenn	Donaghie
Harry	Sire
Mathian	Kelberman
Elliott	Ceeley
Valene	Flood
Kellie	Swyer
Washington	Jagiela
Briney	Watman
Burg	Paolo
Robbin	Aspin
Judye	Pointer
Dee dee	Jaggers
Marleen	McGerraghty
Cayla	Farlam
Terence	Kitman
Theodor	Blackleech
Minnie	Devon
Lyndy	Listone
Maurise	McParland
Peter	Anglish
Ursula	St Angel
Amity	Toomey
Friedrich	Ville
Ralf	Hewell
Dale	Grafham
Mela	Wynn
Deeyn	Tatem
Annalee	Dispencer
Cly	Rodie
Amitie	Tesimon
Corly	Dewick
Edgardo	Dunbobbin
Brynn	Lawler
Tracee	Annesley
Josee	Robillart
Noby	Beamish
Yulma	Clogg
Isahella	MacConnechie
Devon	Cranefield
Ashleigh	Gaudin
Evyn	Fratson
Aurelea	Tolman
Rockwell	Cuss
Doyle	Trenbey
Tore	Capeloff
Tobye	Droogan
Dawn	Janway
Jania	Whinney
Marice	Avey
Kane	Kegan
Isabelle	Gennerich
Sibbie	Kildea
Teressa	Blanko
Ava	Franceschi
Carie	Elsley
Burty	Mauvin
Emmie	Fordy
Abramo	Branney
Arabele	Jezzard
Adella	Robey
Brett	Fransoni
Granthem	Keyho
Aida	Keenor
Stacey	O'Kennedy
Lyn	Berrick
Lesley	Bim
Hakim	Mattussevich
Orelee	Chapelhow
Tyrone	Clemow
Cam	Woakes
Lynne	Ricardot
Aguie	Tibols
Elberta	Stadding
Maddy	Checcucci
Carmelia	Gaber
Kalina	Raddon
Al	Ammer
Sherilyn	Deinhardt
Janet	Kalkhoven
Addie	Purdie
Domeniga	Glowacki
Erinn	Buggs
Tammara	Norbury
Jodee	Matson
Pepita	Gisburn
Mickey	Lattimer
Arny	Kermeen
Alric	Burgne
Aviva	Boch
Maddy	Maskelyne
Heather	Feasey
Starlin	Darko
Clementine	Makiver
Briggs	Marishenko
Derek	Findlater
Ingmar	Glaze
Woodrow	Bradman
Karilynn	Naldrett
Klement	Castleman
Elyssa	Basil
Paco	Feather
Gwen	Pury
Dilan	Duerdin
Cleopatra	Iannuzzi
Aldwin	Shinn
Dyanne	Corringham
Ursa	Dealtry
Farrand	Abbets
Payton	Peplow
Albina	Blamey
Kerri	Beldon
Florence	Falla
Aldous	Rouby
Bone	Shildrake
Torrey	Gregolin
Becki	Harflete
Tyrus	Gounet
Onida	Flintoft
Lucas	Tarply
Kylynn	Terbeek
Rivkah	Pentecust
Lanny	Northage
Conrad	Douche
Rolfe	Blabey
Edmund	Janczak
Ally	Mordie
Tally	Kemmer
Blancha	Dyche
Chickie	Timbrell
Les	Winscomb
Torrance	Pherps
Susan	Elcoate
Lavena	Clothier
Jannelle	Hurling
Annabela	Holworth
Noll	Lygo
Matthias	Mully
Patricia	Blasoni
Mill	Livard
Yvonne	Giraudy
Rosamond	Cornner
Stephenie	Pippin
Phyllis	Scripture
Aline	Labin
Harp	Stellman
Margareta	Sline
Rafael	Bearns
Madeline	Loody
Janaya	MacAnespie
Maryann	Langthorne
Rosalynd	Strudwick
Brok	Pinock
Alleen	Filasov
Wendel	Troke
Candi	Runge
Mayor	Tegeller
Sim	Berg
Salvatore	De Simone
Isis	Mc Ilory
Charmain	Peevor
Adrian	Kalisch
Bridgette	Maslin
Genny	Beagen
Siward	Reven
Dianna	Khoter
Carolus	Gourlie
Perla	Muino
Freddie	Treleaven
Orsa	Vescovini
Gwendolin	Candy
Annemarie	Merrison
Anders	Alstead
Jaimie	De la Harpe
Tamera	Inggall
Aile	Dadge
Dion	Whitty
Nola	Spilsburie
Helene	Menilove
Timotheus	Bax
Lanny	Plumptre
Murry	Hyatt
Dusty	Antonazzi
Laurette	Gomez
Fairlie	Ghidoni
Orran	Shird
Cathrine	Dignum
Raimundo	Bontein
Maible	D'Enrico
Patton	Lopez
Brynn	Spykins
Pietro	Cassimer
Mar	Hiskey
Ninette	Kilby
Brooks	Antrack
Pavia	Behnecke
Freeland	Mountlow
Leah	Rehorek
Cosette	Coling
Brigit	Lambrecht
Averil	Affleck
Simone	Carcass
Cooper	Vicarey
Sheela	Worrill
Garner	Kinker
Paulina	Cossell
Enrichetta	Sterricker
Nigel	Maypother
Anderson	Duffit
Lionel	Coalbran
Roley	Decourt
Pattin	Santello
Gunter	Bellhouse
Buiron	Morrel
Josy	Kettoe
Eb	Steggals
Lonna	Nickless
Lyssa	Kelner
Garfield	Bruyett
Chrysa	Wick
Cassandry	Payfoot
Donelle	Handrek
Jena	Dewar
Misti	Jarmyn
Kitty	Fonso
Parrnell	Lautie
Karoly	Hamsher
Mireielle	Mahoney
Brody	Galton
Issie	Niece
Lonny	Kwietak
Hedwig	Glazzard
Rivalee	Shepherd
Karrie	Gwynn
Abramo	Mountstephen
April	Kinig
Glen	Kollas
Kort	Curzey
Waylen	Bruniges
Luci	Tommeo
Maryl	Clouter
Angele	Sexton
Vasilis	Methingam
Olly	Kightly
Fabe	Gronaver
Homer	Shilito
Boony	Lyons
Jenni	Redwing
Lanae	Simmgen
Eric	Chorlton
Orrin	Jeenes
Nike	Brewood
Rudolfo	Teissier
Rachael	Bault
Cassius	Pallant
Corrie	Ruoss
Hedy	Thinn
Clay	Bushell
Thorsten	Angear
Daryl	Brodnecke
Brandy	Brooker
Flossie	Teek
Koral	Halden
Ade	Shatliffe
Lilas	Tilsley
Sibbie	Putman
Susannah	Nanuccioi
Verene	Tumulty
Clerissa	Greensitt
Darci	Conaghy
Briana	Assender
Ali	Eeles
Correy	Croxon
Marja	Christaeas
Ardys	Letcher
Hugh	Aleksich
Jemmie	Shevlane
Alaric	Lacheze
Leland	Tilte
Archer	MacNalley
Hendrick	Ehlerding
Iseabal	Zimmermanns
Conan	DelaField
Reese	Stubbings
Humphrey	McGowing
Dieter	Biskupski
Harp	Swetman
Raina	Tanswill
Godfry	Wrenn
Sal	Pyecroft
Randie	Nunns
Danya	Charlin
Gertrud	Summerly
Eryn	Navaro
Codi	Ubank
Margalo	Linturn
Aldus	Bruntje
Julio	Wapplington
Faun	Huckster
Galvin	Christiensen
Adolf	Blight
Felicio	Logan
Oralia	Kezourec
Helyn	Burnep
Panchito	Hansberry
Haskell	Hevner
Horatius	Vasilchikov
Ravi	Basten
Ripley	Pendre
Mellie	Askew
Natale	Danilchev
Lamond	Prinn
Paxon	Spawell
Phillip	Heugel
Inglebert	Kaley
Meyer	Lemasney
Carce	Emmot
Tamiko	Haylett
Shaine	Moakson
Glenn	Elkington
Jaymie	Yousef
Idalina	Stockau
Esme	Brand-Hardy
Appolonia	Skae
Lita	Climer
Neile	von Hagt
Simmonds	Gordon-Giles
Lita	Cass
Bogart	Huggard
Emili	Tomaselli
Debbie	La Wille
Kailey	Gilder
Bendick	Hauxley
Marna	Bullivent
Isidor	Yanov
Maribel	McRobb
Jandy	Shills
Roldan	Krammer
Dori	Mottini
Alisander	Tothe
Mortimer	Gianiello
Fraze	Schuricht
Adriena	Taberer
Connie	Eberts
Imojean	Germann
Josselyn	Coulthard
Livia	Vial
Gregor	Whybray
Lynnell	Wotherspoon
Steffie	Filmer
Zared	Forber
Blondy	Carradice
Fayette	Ravenhill
Muriel	Ivory
Nels	Payfoot
Enoch	Bunhill
Olenolin	Boik
Dilly	Fullom
Leonhard	Marin
Dean	Arnould
Taddeusz	Cess
Jamesy	Setchell
Eugenie	Matczak
Gipsy	Siemons
Kelsy	Cale
Will	Emerson
Alida	Corser
Dominique	Brackenbury
Myrah	Daveridge
Troy	McDougle
Wainwright	Birtles
Melita	Leathes
Bianca	Mangeot
Chad	Nutbean
Forbes	McIlory
Wash	Schober
Michal	Morl
Mendel	Kubicka
Dur	Elloit
Ermentrude	Fowell
Hortensia	Elsdon
Clerissa	Soutar
Ewart	Pau
Archaimbaud	Narraway
Vincents	Pietasch
Corina	Peacher
Bennett	Plastow
Pauly	Wison
Terencio	Lillyman
Eleanore	Sponder
Tildy	Catenot
Burlie	Wissby
Jeffy	MacEllen
Quinn	Stanwix
Winston	Edlyne
Kelvin	Telford
Helaine	Mapples
Mellie	Cartlidge
Laurie	Shiell
Ashton	Corser
Patrick	Franzonello
Luise	Trickett
Reagen	Agron
Early	McGaw
Jakob	Guerriero
Hale	Tanzig
Des	Wroe
Darrell	Beagrie
Elihu	Osband
Davy	Easton
Gonzalo	Holt
Latashia	Leinster
Inglebert	Blaszczynski
Burgess	Mecchi
Egan	Casse
Elihu	McBrier
Raviv	Itscowics
Thom	Barwell
Archy	Seifenmacher
Craig	Kneath
Carly	Garratt
Myranda	Janaud
Elliot	Burle
Wyn	Pennock
Richard	Pascow
Rickey	Boldra
Thom	Bridgland
Damian	Radnage
Oates	Ibeson
Cash	Blewmen
Modesta	Height
Candice	Enevoldsen
Delcina	Sproson
Cordy	Midden
Ernst	Ducham
Rubetta	Cicconettii
Bernita	Halstead
Andrej	Marnane
Royce	Sayers
Giulietta	Kamena
Warde	Van Merwe
Cory	Oneal
Peadar	Semor
Rafaellle	Hardware
Latia	Archdeckne
Caitrin	Sumsion
Ellis	Dibdin
Elyssa	Clemerson
Jeromy	Ellsworthe
Othilie	Esseby
Warren	Bambra
Marylin	Binyon
Aland	Loukes
Del	Rudall
Quillan	Jedrzejkiewicz
Loella	Pritchard
Marice	Stanlike
Alleen	Tillett
Emmerich	August
Elli	Malmar
Vitia	Beden
Elroy	Dodell
Jon	Serchwell
Felix	McDermott-Row
Donalt	McMains
Clarie	Wortman
Man	Chesnut
Benoit	Stable
Loren	Rayburn
Patrizio	Beasleigh
Helga	Curphey
Melantha	McCaffrey
Cicely	Smetoun
Monte	Toretta
Sheridan	Clines
Roda	Messham
Holli	Osman
Danielle	Heatly
Kimbra	Stoney
Myrvyn	Wickey
Charlot	Barenski
Berton	Weighell
Paddy	Grundon
Brewer	Diable
Wendel	Harfleet
Far	Nuth
Mattias	Kirsopp
Cherey	Hardstaff
Sibel	Heliot
Deni	Deaconson
Artemis	Radish
Roland	Fenna
Dilly	Stedell
Molli	Dict
Axel	Points
Hanny	Riepl
Dagny	Patrone
Hamil	Duns
Carilyn	Chatelet
La verne	Abbatini
Osbourne	Wahncke
Ameline	Orvis
Laryssa	Bulcroft
Shawn	Liddall
Octavia	Osipov
Chrisy	Herculeson
Georgena	MacFarlane
Alwyn	Gainsbury
Kriste	Belle
Rollin	Formby
Reggi	Samsonsen
Andreana	Digle
Guendolen	Peterken
Leoline	Alvar
Lula	Mayor
Finlay	Shallo
Clari	Wegman
Bee	Verney
Drucie	Santoro
Hilliary	Dufer
Emiline	Wrotham
Ariela	Kasman
Rozelle	Whittam
Aubrey	Broadbent
Osmond	Hylden
Law	Yuille
Rog	Veitch
Yanaton	Salvadore
Leonie	Corkitt
Guilbert	Dorward
Eolande	Grimwad
Tucker	Simounet
Marin	Ropkins
Shea	Bellson
Merle	Peirone
Kendell	Birkbeck
James	Bownd
Christoffer	Shewry
Raynell	Ollier
Elvyn	Victor
Bianca	Richardet
Alida	Jaray
Abba	Dunn
Artemis	Plaskitt
Dina	Ostler
Dana	Jachtym
Major	Rozier
Elspeth	Beharrell
Claudian	Winspurr
Meghann	Fannin
Land	Blundell
Elmore	Ebi
Kelley	Ianilli
Quentin	De Freitas
Rivy	Swindles
Grazia	Mowett
Niles	McGuffie
Genevra	Veeler
Gabbi	Ales0
Taddeo	Boddymead
Jorrie	Fowls
Bealle	Grealish
Coop	Sainer
Andris	Rooms
Guglielmo	Woltman
Katee	Pell
Claudie	Iacavone
Ted	Brickhill
Roth	Sirkett
Chelsy	Whitton
Roldan	Freake
Marne	Fieldsend
Jeremie	Riehm
Emmerich	Romke
Augusta	Yeardley
Shae	Hardiker
Hanna	Vasquez
Hugues	Sawers
Uta	Dacey
Chelsea	Lancastle
Reinhold	Jancik
Oswald	Kanter
Cris	Fussey
Amelie	Alsobrook
Niel	Verni
Lou	Lerer
Zackariah	Willingale
Dolli	Dionsetti
Roselin	Easterbrook
Stormie	Matisse
Parke	Savery
Florella	Scimonelli
Randell	M'Quharge
Gabbie	Russo
Banky	Moen
Claire	Labarre
Shirline	Dourin
Reuben	Jozsa
Garth	Chapell
Vladimir	Arkwright
Humfried	Gwyn
Cedric	Vowell
Penny	MacCostye
Stephen	Melledy
Kai	Blackhurst
Eloisa	Pennetta
Eddie	Eliasen
Maisie	Cometson
Geneva	Trasler
Barnabe	McCrann
Emmi	Najara
Tomasine	Wheater
Verine	Perrat
Jesus	Shaw
Maje	Perren
Pauline	Thairs
Fania	Dionisii
Em	Bramsen
Ava	Whitters
Wandis	Montacute
Annie	Flaonier
Trudey	Kislingbury
Brien	Luetkemeyer
Sidonia	Ferby
Tadio	Arendt
Oona	Barstow
Cary	Hustings
Mora	Robillard
Cris	Bremmell
Matilde	Halkyard
Algernon	Ledger
Sander	Joesbury
Larry	Abrahamowitcz
Tamara	Cayle
Florence	Hartzogs
Conrad	McCowan
Matilda	Beverage
Sabine	Jurkowski
Vincent	Napper
Everett	Joul
Susette	Gaskamp
Gerry	Lynes
Alic	Lepope
Erminia	Krzysztof
Denny	Bucksey
Angele	Terram
Amata	Tingey
Beitris	Colchett
Kailey	Worham
Aldon	Kirlin
Adolphus	Drissell
Ogden	Meldrum
Inigo	Mallindine
Clive	Rubinsaft
Way	Danielsohn
Herold	McGraith
Maryanna	Dikels
Tonnie	Kilduff
Tove	Ketteman
Allistir	Geldeard
Guy	Dannatt
Laverne	Rickets
Ellie	Massei
Dee	Dabbs
Ario	Slaney
Claudianus	Joint
Leoine	Acres
Augusto	Moyes
Craggy	Leavold
Pansy	Allgood
Vonnie	Zebedee
Anallese	Greguoli
Nappy	Carslaw
Gabrila	Mowatt
Nevin	Grannell
Stephannie	Smewing
Tobye	de Villier
Cristen	Perrygo
Andrei	Lackmann
Juieta	Temporal
Sisely	Easter
Hirsch	Leakner
Caroline	Densey
Neale	Collin
Lenore	McCullen
Adham	Feehan
Adena	Best
Kellina	Macconaghy
Sophey	Craighall
Adrienne	Dimnage
Sara-ann	Giovani
Pooh	Leneve
Lyndell	Juleff
Aguste	Parkeson
Harland	Kilpatrick
Nealy	Ebbing
Arliene	Gery
Arv	Ferrao
Clim	Longden
Shep	Hedgecock
Reina	Metterick
Winne	Ritchings
Fidelio	Wrathmell
Brnaby	Bogaert
Rube	Hairs
Caryn	Dutton
Tomas	Shitliff
Seward	Espada
Neils	Rosenblath
Benjamen	Maps
Candice	Hebblewaite
Robers	Deverill
Lee	Crevy
Marcello	Sautter
Jean	Farrants
Kania	Alsobrook
Burch	Kelby
Rex	Ruzicka
Audy	Eastcott
Kacy	Llorens
Clemmy	Thumnel
Willy	Broomfield
Virgina	Hazeldean
Rutger	Mallock
Rosalind	Caze
Jourdain	Poppleton
Karoly	Chazelas
Wit	Ainslee
Augie	Bodker
Sheffy	Archdeacon
Barrie	Flaherty
Bonny	Ferandez
Fenelia	Guyon
Thaddeus	Pinfold
Julia	Housecroft
Crysta	Caughey
Bern	MacRirie
Leopold	Carlton
Livvie	Chesson
De witt	Tillman
Wain	Beadnall
Jannelle	Krook
Agretha	Franc
Bonnie	Ricoald
Joshuah	Pattesall
Jobie	Philippeaux
Micheal	Theml
Vidovic	Olyonov
Nikolai	Lotwich
Clare	Ducker
Arlen	Mitchelhill
Fleming	Tordoff
Nathaniel	Randalson
Keith	Genthner
Sheila	Paterson
Lianne	Lidbetter
Alidia	Knighton
Finlay	Esgate
Kirsti	Beran
Nelie	Grummitt
Esra	Pacheco
Rene	Maleham
Theodor	Robker
Beulah	Espin
Ximenez	Parley
Elisa	Tippett
Russ	Plan
Dunstan	Ead
Danya	Wadie
Richie	Adshad
Stuart	Van de Castele
Ag	Symones
Obediah	Coit
Abby	Lobbe
Karel	Chantree
Evanne	Webbe
Tully	Challenger
Hyacinthe	Kellie
Stearne	Gambrell
Ingeberg	Meekings
Auroora	Bowser
Florina	Holliar
Estel	Mellanby
Tarra	Torresi
Agretha	Preston
Base	Pitchford
Gavra	Stabbins
Dav	Prichard
Talia	Penrith
Zacharia	Harrild
Ardelia	Fayerman
Todd	McGirl
Ardath	Jerrems
Teodorico	Lummasana
Hanson	Ilive
Sybil	Ionesco
Horten	Seath
Michal	Large
Victoria	Tomovic
Kevina	Cassy
Itch	Narracott
Winne	Gosney
Joyce	Bullocke
Kev	Bolsteridge
Kennan	Jacson
Silvie	Breissan
Babb	Futcher
Perice	Glancy
Bone	Palumbo
Delphine	Hallan
Morganica	Pond-Jones
Ellswerth	Schuh
Osborn	Pane
Ignazio	Vere
Delia	Philipps
Yancy	Dunkersley
Town	Emblem
Celine	Gwyther
Kippie	Epsly
Rona	Espadero
Man	Clapson
Clem	Langmuir
Ramsay	Falck
Zed	Macbeth
Gauthier	Conley
Kalle	Bewshire
Vilma	McCrea
Mehetabel	Jemmison
Noelani	Guiton
Maddy	Grigoletti
Verney	Harriagn
Davin	Canacott
Stephanus	Mingaye
Florencia	Haslewood
Curt	Deekes
Novelia	Burwin
Victor	Charrette
Findley	Oleszcuk
Rona	Nutton
Kaitlin	Upson
Laurens	O'Beirne
Miguela	Brockett
Benny	O'Hederscoll
Timofei	Pearse
Franzen	Pettitt
